product_id,sale_quantity,sale_price,sale_date,region
3732,20,806.83,2020-05-13,Nord
4264,17,998.37,2020-05-22,Sud
5859,24,848.83,2018-08-17,Ouest
8891,13,420.31,2016-09-10,Est
5373,57,136.22,2021-04-24,Sud
6874,67,842.23,2020-06-15,Ouest
7744,21,69.16,2018-07-04,Nord
4468,4,356.77,2020-12-27,Ouest
1705,82,920.54,2023-02-18,Nord
3599,45,961.16,2016-04-23,Ouest
3222,39,644.16,2020-03-14,Ouest
8768,43,691.76,2022-10-06,Nord
3897,75,52.03,2017-05-03,Est
1537,38,519.34,2019-11-29,Nord
7216,41,551.4,2019-03-11,Ouest
7921,28,346.7,2017-08-14,Nord
7036,5,77.91,2016-08-17,Sud
3163,52,236.62,2023-05-26,Sud
6072,23,364.4,2022-06-30,Sud
5851,38,440.79,2023-12-08,Sud
8877,36,595.02,2017-06-03,Nord
3046,31,725.17,2016-09-07,Nord
2871,8,324.46,2017-11-14,Est
8599,89,335.66,2020-10-17,Nord
3496,89,29.49,2022-10-13,Sud
9291,16,50.47,2023-09-15,Est
1755,11,265.24,2022-02-27,Est
1797,20,742.84,2021-11-22,Ouest
1659,78,632.03,2023-11-04,Nord
4219,57,772.09,2018-05-15,Nord
9615,19,771.23,2021-04-23,Est
8456,72,858.0,2022-01-19,Ouest
4337,61,723.12,2016-11-03,Est
3745,25,979.22,2017-02-04,Est
5735,33,899.84,2017-01-25,Nord
9736,40,590.85,2022-08-21,Sud
7687,17,592.28,2015-07-17,Ouest
1714,53,43.92,2020-05-04,Est
3292,91,998.54,2023-09-13,Nord
9343,81,140.26,2016-11-18,Ouest
2207,47,742.94,2019-03-03,Est
7172,97,822.81,2016-01-09,Nord
9994,95,379.32,2023-01-30,Ouest
8221,85,204.88,2020-08-08,Nord
7021,24,107.77,2023-02-22,Nord
4622,16,751.12,2017-11-20,Nord
4560,45,458.13,2021-10-09,Est
9948,84,716.58,2023-06-08,Sud
2641,56,916.25,2020-10-14,Est
5984,99,155.12,2017-01-19,Est
5353,28,919.98,2017-12-09,Sud
9622,46,417.51,2016-01-08,Nord
8250,99,312.21,2020-10-13,Sud
5187,82,943.63,2022-04-05,Est
3659,88,990.75,2020-09-29,Nord
3956,28,206.9,2023-11-23,Est
3251,78,660.27,2022-06-10,Ouest
5420,49,115.43,2016-08-06,Nord
8108,88,654.4,2019-04-12,Ouest
2071,95,829.04,2019-02-12,Est
6251,6,687.65,2023-01-16,Nord
8012,98,423.16,2022-10-06,Est
4918,99,389.24,2018-02-24,Ouest
2684,29,399.19,2020-12-24,Nord
8098,66,593.81,2023-07-09,Sud
3957,69,882.75,2017-07-14,Est
5469,86,929.78,2015-02-10,Sud
9752,73,62.99,2023-10-07,Nord
6795,34,189.81,2017-05-07,Nord
2472,49,121.1,2019-02-05,Sud
8263,90,201.4,2017-03-09,Nord
8365,70,353.14,2018-12-20,Ouest
9448,66,511.47,2022-12-06,Nord
7001,72,633.17,2018-11-05,Nord
4762,2,734.82,2022-11-18,Ouest
3435,2,891.21,2020-03-10,Sud
2634,72,989.2,2020-02-07,Est
1973,26,666.23,2019-06-27,Ouest
5464,78,846.91,2018-08-10,Est
9393,51,780.26,2022-10-30,Ouest
3418,28,314.46,2021-10-27,Est
4455,97,876.94,2016-11-03,Nord
7167,44,52.34,2022-11-29,Nord
6819,20,10.36,2017-01-23,Sud
7521,99,281.0,2017-02-06,Ouest
7242,46,467.48,2020-07-17,Sud
8742,81,641.98,2023-02-08,Sud
7738,44,110.75,2016-01-23,Sud
3787,68,676.28,2019-04-25,Nord
8316,9,803.8,2016-02-26,Ouest
5305,84,193.46,2019-03-11,Ouest
3610,47,420.97,2022-03-03,Ouest
6531,65,524.79,2016-05-30,Ouest
7926,21,457.29,2016-06-07,Sud
8204,97,801.83,2018-02-08,Ouest
7922,99,960.92,2022-07-10,Sud
5182,6,800.96,2018-03-10,Sud
1307,86,87.21,2020-03-03,Ouest
6302,25,806.89,2020-05-13,Ouest
2152,3,75.93,2022-11-06,Ouest
7950,72,243.61,2022-09-17,Est
9467,76,161.57,2016-07-20,Nord
6294,29,205.54,2017-12-14,Sud
2208,96,533.03,2020-02-23,Ouest
3492,66,674.97,2016-12-12,Nord
9829,81,475.62,2019-09-20,Sud
1770,83,960.1,2016-04-27,Ouest
9286,15,247.89,2019-12-11,Est
6995,22,765.51,2017-11-20,Est
3344,70,871.48,2016-10-25,Nord
4091,34,566.45,2023-02-27,Ouest
4912,3,461.66,2017-07-18,Sud
2434,28,600.22,2017-06-21,Est
7594,20,434.52,2020-09-03,Ouest
6368,16,559.64,2017-11-24,Ouest
9372,72,422.76,2023-05-22,Ouest
8148,30,406.47,2019-06-29,Sud
8997,36,698.39,2016-03-17,Sud
4854,98,101.92,2015-12-25,Est
9032,49,174.88,2016-04-02,Est
9131,50,852.69,2016-10-26,Est
5845,81,773.37,2019-10-24,Nord
6116,57,288.64,2019-03-22,Nord
4533,64,383.5,2018-06-18,Nord
3937,89,926.77,2023-03-12,Nord
5939,59,819.9,2023-02-17,Est
4224,6,618.2,2019-01-16,Est
6021,52,229.28,2019-11-10,Ouest
2134,62,53.81,2020-09-17,Est
1025,84,436.95,2021-08-29,Sud
1956,18,675.9,2021-03-04,Ouest
2913,46,830.2,2023-08-12,Est
3934,97,854.16,2021-03-26,Est
3721,63,42.45,2020-05-24,Est
1928,23,251.72,2015-01-29,Est
6627,98,345.7,2018-11-24,Ouest
7265,10,196.84,2016-12-07,Est
6446,6,804.95,2023-07-06,Ouest
1469,77,769.79,2016-10-09,Nord
9717,62,521.66,2020-06-24,Nord
2863,43,983.1,2019-08-23,Ouest
2720,17,152.62,2023-11-18,Est
6272,60,900.66,2015-02-11,Ouest
1591,18,125.3,2019-01-27,Ouest
7185,69,171.55,2022-10-15,Sud
3322,61,699.26,2016-01-18,Ouest
1207,26,118.47,2015-07-02,Sud
5262,15,570.19,2020-01-19,Sud
4421,62,426.03,2020-12-06,Sud
6249,54,731.19,2022-06-23,Ouest
9408,82,901.67,2019-11-20,Est
9216,30,772.17,2018-12-10,Sud
6103,71,851.19,2015-03-28,Ouest
8939,29,42.62,2022-03-02,Nord
3282,75,317.09,2021-12-21,Sud
2740,6,520.28,2023-06-23,Sud
7118,85,421.79,2018-02-22,Sud
6846,56,238.94,2017-04-16,Sud
4781,51,314.8,2022-03-09,Ouest
3775,87,945.98,2021-02-24,Nord
3603,54,301.24,2020-10-17,Sud
8179,11,360.37,2023-12-20,Nord
7356,44,13.67,2020-07-09,Sud
2162,60,846.63,2018-05-17,Nord
1623,31,163.29,2022-07-25,Ouest
9962,60,212.1,2016-05-25,Est
5051,15,262.71,2023-11-13,Nord
2241,49,885.78,2019-01-02,Nord
5403,57,214.39,2019-06-28,Sud
2198,66,799.55,2017-10-18,Nord
3997,8,809.97,2018-06-25,Nord
6661,70,927.75,2015-05-09,Nord
1807,16,124.41,2022-09-26,Sud
3121,53,225.11,2019-05-31,Est
9067,33,745.47,2017-12-12,Est
4886,88,204.04,2018-05-18,Sud
9922,79,293.47,2018-10-17,Est
7066,35,175.07,2016-11-18,Sud
2823,30,180.97,2022-07-20,Sud
1199,52,486.74,2020-09-15,Ouest
2447,90,118.59,2018-11-13,Nord
6181,54,328.48,2019-11-23,Sud
6208,5,432.33,2017-10-06,Est
7177,65,34.3,2021-03-01,Sud
5863,27,394.45,2023-07-09,Nord
7180,85,103.18,2015-08-10,Ouest
2792,6,498.64,2017-01-17,Nord
2483,89,827.48,2015-07-10,Est
9389,18,820.24,2016-11-16,Ouest
1894,69,89.64,2021-11-12,Est
6374,57,605.22,2020-01-09,Est
1136,33,836.24,2021-01-17,Nord
7273,82,245.59,2017-06-16,Sud
4419,73,764.31,2017-01-18,Sud
1168,74,891.86,2018-04-14,Ouest
7004,32,808.06,2018-08-15,Nord
3852,95,116.23,2015-12-31,Ouest
5419,74,18.97,2023-12-19,Sud
9039,49,199.81,2016-03-02,Ouest
9700,33,277.77,2019-11-04,Sud
4186,15,620.02,2017-09-26,Sud
6918,62,390.43,2022-04-23,Nord
6149,88,706.37,2019-06-30,Ouest
2777,33,359.54,2019-04-26,Sud
4361,57,162.88,2022-04-22,Est
9338,29,319.56,2016-01-04,Ouest
6393,44,885.48,2020-02-16,Nord
5317,98,958.95,2022-12-18,Nord
5605,51,215.44,2016-03-24,Sud
3562,47,790.58,2019-05-19,Ouest
7213,73,280.62,2017-12-04,Est
5652,38,888.26,2023-01-20,Nord
7235,3,173.89,2022-05-14,Sud
1423,18,669.3,2020-04-28,Nord
7854,16,93.37,2020-06-20,Nord
1967,68,974.15,2018-11-16,Nord
5370,86,703.63,2023-12-28,Est
7187,94,843.4,2021-03-25,Est
6203,23,571.0,2015-11-06,Est
1433,83,482.03,2016-05-16,Est
7237,8,625.66,2018-12-08,Est
2429,56,533.45,2016-12-25,Est
3546,50,474.69,2017-08-28,Ouest
1329,27,761.86,2017-03-20,Sud
4612,5,186.42,2017-07-19,Est
9401,90,179.46,2018-04-13,Est
7761,27,437.52,2023-03-25,Ouest
4968,61,327.54,2022-07-26,Ouest
9150,84,83.38,2016-12-13,Nord
2040,79,846.03,2019-07-12,Ouest
7250,19,773.89,2018-08-28,Nord
9356,97,548.48,2019-11-16,Est
9798,92,979.53,2022-03-13,Est
8704,37,81.87,2015-10-31,Nord
7772,21,769.0,2022-01-11,Ouest
6311,4,273.71,2015-09-06,Nord
7011,19,374.91,2015-11-09,Nord
3798,78,227.09,2015-03-27,Ouest
9352,52,791.15,2018-01-15,Nord
3195,50,152.8,2015-01-20,Nord
5680,32,841.62,2018-09-12,Nord
7599,98,664.96,2018-10-08,Nord
4085,19,68.43,2015-12-24,Sud
6713,13,812.87,2018-09-28,Est
6240,92,631.48,2021-08-06,Est
1732,99,905.93,2019-11-16,Ouest
6028,72,751.24,2023-10-17,Nord
9473,95,565.51,2018-04-10,Est
8594,46,838.18,2015-03-09,Nord
5566,81,285.27,2019-10-27,Sud
8444,66,551.48,2017-07-14,Sud
4396,89,300.68,2023-02-13,Ouest
6347,17,968.52,2018-05-18,Est
8034,46,233.93,2021-11-28,Ouest
1595,92,25.58,2021-04-24,Sud
1647,38,332.6,2022-06-14,Nord
1573,51,507.48,2018-10-19,Sud
7797,25,38.08,2018-02-01,Nord
6637,49,563.66,2022-09-10,Est
9448,77,875.54,2019-09-04,Nord
6259,5,707.68,2020-09-30,Est
7567,52,626.74,2023-05-04,Est
5444,47,956.4,2016-04-11,Ouest
3989,41,958.7,2021-10-22,Nord
1586,15,826.02,2020-06-22,Est
6102,11,611.66,2015-11-04,Est
8601,28,492.89,2021-10-13,Sud
1739,79,23.18,2018-06-10,Sud
5882,14,610.2,2015-05-13,Ouest
6410,5,989.2,2022-07-07,Ouest
1437,87,819.92,2020-03-27,Nord
4898,16,347.2,2016-05-05,Nord
2847,30,160.53,2021-09-18,Est
2020,79,786.22,2017-02-23,Sud
7930,43,746.5,2017-12-13,Est
1941,26,967.38,2020-06-28,Nord
9641,76,876.09,2016-12-07,Nord
6610,96,560.11,2018-11-29,Ouest
3107,92,110.27,2017-08-10,Sud
5259,23,488.67,2016-02-13,Est
1945,44,320.56,2017-01-19,Sud
9393,85,517.28,2019-09-24,Ouest
8468,56,308.68,2017-11-05,Nord
2805,3,863.2,2021-05-17,Ouest
2862,26,845.88,2021-08-05,Nord
9742,1,322.31,2016-10-05,Sud
4751,96,603.59,2021-09-17,Ouest
3040,57,435.88,2016-10-14,Sud
1903,71,910.0,2015-04-25,Est
9696,83,195.49,2020-02-10,Sud
9015,87,700.75,2021-09-07,Est
6896,63,970.67,2022-07-14,Nord
8942,47,183.52,2017-09-15,Sud
8377,90,209.95,2016-01-09,Sud
6593,78,696.79,2019-10-26,Est
4128,13,781.36,2020-07-17,Ouest
8026,63,495.64,2023-10-13,Est
4821,38,613.59,2018-08-14,Est
3711,84,220.56,2016-09-14,Nord
9472,32,481.85,2016-02-05,Sud
2028,29,120.95,2018-04-17,Ouest
3660,60,328.21,2022-10-26,Ouest
3353,84,291.93,2020-09-14,Sud
6662,41,450.18,2020-03-13,Ouest
8734,90,930.83,2021-05-21,Est
9345,30,189.45,2019-07-12,Nord
8521,29,407.37,2018-01-10,Sud
2053,53,619.44,2020-09-16,Nord
3977,43,947.09,2016-05-28,Est
6491,11,141.82,2021-11-18,Est
4893,85,918.7,2021-05-23,Nord
3679,18,90.24,2023-07-04,Ouest
5950,1,485.93,2017-10-24,Ouest
3665,40,460.04,2021-01-28,Ouest
4057,39,217.51,2019-03-18,Nord
7838,99,353.99,2015-12-21,Ouest
4968,66,459.62,2020-01-16,Ouest
1851,49,866.56,2023-09-11,Nord
6028,87,955.51,2017-03-19,Nord
4793,46,523.74,2023-08-21,Nord
8316,50,871.4,2016-07-07,Ouest
9053,23,612.09,2015-11-07,Nord
8152,93,355.6,2023-04-18,Est
4331,66,202.25,2019-09-08,Ouest
9318,86,419.0,2019-06-17,Nord
6930,67,527.6,2020-04-03,Nord
9769,33,54.0,2022-10-28,Sud
6652,51,154.38,2018-11-21,Est
1804,71,604.18,2021-03-05,Est
6444,36,232.75,2017-07-13,Ouest
4024,24,838.95,2018-07-29,Est
1112,83,333.67,2021-04-18,Ouest
2967,90,113.79,2018-06-20,Nord
1650,80,92.7,2015-02-23,Ouest
5333,28,937.75,2018-01-06,Nord
2384,86,126.84,2019-08-25,Nord
1063,2,149.5,2021-11-15,Nord
4999,10,864.04,2021-08-18,Sud
4988,82,261.75,2017-06-23,Nord
3502,12,669.29,2023-12-13,Nord
4516,65,818.56,2020-09-25,Ouest
3671,68,611.11,2017-05-03,Sud
3387,62,957.91,2019-12-20,Nord
6394,55,711.79,2015-09-28,Nord
4441,37,121.62,2021-04-23,Sud
9010,85,562.83,2016-03-10,Nord
2963,20,721.0,2016-04-30,Ouest
6763,70,803.94,2021-02-08,Ouest
3956,85,36.06,2018-04-17,Nord
8396,63,721.69,2023-02-01,Ouest
4898,69,827.42,2019-12-31,Nord
4969,42,749.37,2019-04-26,Est
8296,81,517.23,2016-11-11,Nord
5903,17,463.44,2022-09-04,Nord
9890,58,553.92,2020-04-11,Nord
1292,6,707.6,2017-07-11,Est
5099,97,923.69,2020-05-24,Sud
6346,23,620.86,2015-07-05,Sud
8033,4,888.96,2019-04-03,Nord
5776,9,704.24,2016-09-30,Sud
8452,63,77.65,2021-05-03,Nord
7980,93,505.82,2021-06-05,Est
5122,42,293.62,2023-03-26,Sud
1736,75,292.32,2015-08-14,Est
5461,93,362.37,2017-01-12,Sud
2971,96,321.59,2017-02-26,Est
9389,12,582.82,2016-01-26,Est
2671,35,686.77,2023-06-05,Ouest
1606,92,276.06,2023-12-13,Nord
3120,50,138.46,2019-01-14,Nord
7996,72,68.22,2021-12-11,Sud
2731,40,580.0,2017-04-19,Est
8788,59,194.27,2020-05-14,Ouest
4395,6,19.16,2022-10-11,Ouest
7246,74,928.48,2018-05-24,Sud
9020,89,541.77,2019-09-13,Nord
9787,13,101.52,2022-06-03,Ouest
6343,98,844.49,2019-04-27,Est
3304,60,983.37,2017-02-13,Ouest
4419,79,454.11,2020-12-08,Nord
2131,16,52.06,2023-12-23,Sud
3003,5,126.37,2016-07-17,Est
8644,23,387.84,2016-11-10,Nord
2707,53,886.67,2023-05-30,Ouest
9192,67,156.56,2016-06-20,Est
8528,72,825.75,2023-07-01,Est
1691,73,24.83,2017-03-14,Sud
3547,6,462.81,2022-08-04,Ouest
3683,40,647.95,2018-01-17,Ouest
9535,80,69.78,2021-12-03,Nord
7995,80,618.62,2019-06-16,Ouest
7862,42,944.96,2017-05-18,Est
7176,90,168.66,2019-01-30,Ouest
7598,23,732.32,2015-05-31,Sud
6985,90,613.0,2019-02-15,Ouest
5524,90,193.27,2017-07-16,Ouest
1827,20,16.14,2021-12-31,Nord
7834,63,19.19,2023-08-17,Sud
4204,30,536.77,2016-06-07,Nord
1093,10,943.35,2019-09-24,Ouest
3467,12,647.86,2019-10-05,Est
4778,27,717.16,2023-03-21,Sud
1404,83,498.93,2018-08-31,Nord
6037,73,586.07,2022-02-11,Sud
1375,2,135.1,2018-04-08,Est
4945,47,878.05,2023-04-19,Est
1497,56,763.18,2017-11-24,Nord
8666,11,998.22,2015-07-29,Nord
8373,75,304.75,2016-03-02,Nord
9930,25,234.75,2023-08-09,Est
5515,96,133.91,2023-10-09,Ouest
7729,44,964.57,2023-03-04,Sud
4290,92,783.08,2015-04-02,Nord
2562,14,174.66,2023-04-09,Ouest
9652,79,557.16,2019-08-31,Ouest
4123,56,419.63,2015-08-02,Ouest
2838,6,159.97,2017-03-04,Sud
7959,24,170.45,2015-04-18,Est
5736,43,963.84,2018-11-06,Ouest
4466,50,311.91,2023-03-29,Sud
5043,76,942.02,2020-03-19,Nord
7029,57,84.85,2022-02-16,Ouest
5702,44,466.2,2022-06-18,Nord
6638,25,138.32,2015-04-18,Nord
8853,82,14.74,2019-02-06,Est
6534,22,558.23,2017-09-10,Est
7310,95,122.76,2016-12-09,Ouest
3987,19,724.8,2016-03-31,Est
5690,64,701.14,2018-01-22,Sud
4292,90,184.57,2020-08-11,Ouest
3881,30,942.32,2015-01-24,Ouest
6801,38,723.83,2021-03-13,Nord
8282,50,304.99,2015-12-11,Ouest
9526,41,712.14,2021-07-21,Est
9933,96,734.61,2021-07-01,Ouest
9292,12,348.8,2020-04-26,Est
3463,57,381.83,2018-01-09,Nord
8676,64,365.52,2021-07-27,Nord
9366,15,620.45,2019-09-25,Nord
9797,33,901.41,2016-05-13,Sud
8794,66,181.46,2020-06-10,Sud
4745,66,876.45,2015-12-20,Est
5876,37,37.38,2019-01-18,Sud
4808,26,663.74,2017-12-12,Est
6576,77,420.29,2019-12-06,Ouest
3173,73,793.37,2022-10-11,Ouest
5720,51,723.99,2017-12-30,Nord
7874,13,485.31,2018-09-17,Sud
2179,25,647.43,2018-06-23,Est
9888,20,506.76,2018-01-30,Est
8288,68,813.4,2019-03-08,Sud
3496,11,481.32,2019-04-11,Est
3757,8,527.92,2021-10-19,Nord
8458,53,258.02,2022-10-29,Est
5047,93,608.99,2022-05-17,Nord
3051,15,309.88,2017-06-19,Ouest
7844,73,581.51,2017-02-03,Ouest
4310,47,177.98,2019-11-27,Sud
8845,36,167.87,2023-03-26,Ouest
2747,82,422.86,2020-01-09,Sud
8828,24,432.55,2023-05-24,Est
4868,62,275.43,2023-06-12,Sud
5723,54,140.28,2022-10-03,Sud
5998,13,48.82,2023-12-02,Ouest
5930,46,34.98,2015-01-14,Nord
1604,8,278.83,2019-12-09,Nord
9156,48,467.23,2021-08-07,Sud
4686,40,728.98,2018-07-04,Sud
4451,95,480.12,2016-02-13,Ouest
4781,20,905.01,2023-01-07,Ouest
1100,51,44.87,2022-06-08,Est
5790,66,188.85,2017-06-06,Nord
7037,44,345.13,2022-06-11,Ouest
6627,83,581.72,2018-05-25,Sud
9863,79,854.21,2023-04-25,Ouest
4665,90,356.7,2018-12-03,Est
4107,57,275.31,2019-11-27,Ouest
9429,73,71.27,2023-01-21,Ouest
7910,51,823.09,2018-01-23,Nord
1021,35,385.87,2022-05-05,Est
7573,91,575.83,2020-05-26,Ouest
2253,12,983.72,2016-01-02,Sud
7102,12,11.58,2022-06-13,Sud
9592,37,154.0,2019-02-27,Sud
4191,50,781.32,2017-09-22,Nord
9063,77,807.08,2023-08-25,Nord
2734,82,771.55,2022-11-03,Sud
7540,96,541.63,2016-10-10,Est
4418,75,979.07,2016-09-04,Sud
9778,49,402.22,2022-07-03,Sud
6046,75,605.92,2021-03-04,Ouest
8246,12,72.74,2020-01-27,Nord
4205,94,415.76,2019-10-31,Est
6290,35,725.28,2017-04-07,Est
5547,75,246.35,2019-01-29,Nord
7282,77,944.39,2017-08-13,Est
5850,40,689.92,2020-06-26,Ouest
2337,11,294.7,2018-09-30,Est
4547,3,771.31,2020-11-06,Ouest
1387,76,92.33,2015-04-10,Sud
6245,47,975.03,2018-06-20,Est
4922,52,58.79,2015-07-24,Nord
2221,42,934.12,2021-07-16,Ouest
2924,92,260.33,2023-06-07,Ouest
8185,4,760.25,2018-01-15,Sud
9901,17,10.07,2020-01-11,Sud
9639,64,261.7,2017-01-30,Nord
1350,65,751.61,2015-07-27,Est
9856,14,537.01,2023-07-02,Sud
4715,39,123.8,2017-11-23,Ouest
9616,5,399.69,2019-07-24,Ouest
5260,4,381.79,2016-02-28,Ouest
8738,20,572.48,2015-09-06,Ouest
4511,82,671.3,2019-01-10,Ouest
1673,17,842.42,2015-03-04,Est
2938,72,502.26,2023-05-05,Ouest
9033,25,398.1,2021-05-20,Est
9945,12,152.54,2017-08-12,Est
8303,23,806.77,2019-06-23,Ouest
2973,61,716.24,2018-10-21,Nord
9529,92,414.59,2015-08-19,Ouest
6277,3,523.25,2020-04-29,Est
8970,9,668.53,2018-09-22,Ouest
1115,73,173.16,2023-09-22,Sud
6719,90,36.93,2019-03-16,Sud
9043,39,324.33,2023-12-18,Nord
9169,53,599.63,2022-06-06,Ouest
6696,98,491.74,2019-12-13,Sud
4404,89,695.63,2018-01-09,Est
5242,64,821.49,2022-01-01,Sud
3820,22,493.56,2019-06-25,Nord
2799,5,142.92,2015-01-08,Est
3691,32,852.12,2018-06-19,Est
7437,76,579.24,2021-06-02,Nord
7253,38,742.54,2016-07-04,Sud
5078,8,707.62,2022-02-10,Est
6405,23,968.53,2019-07-08,Sud
5611,43,302.35,2019-06-26,Est
9266,60,708.25,2019-01-16,Nord
7634,96,372.02,2016-06-26,Ouest
7007,55,401.46,2019-10-28,Sud
4604,74,238.29,2019-02-08,Nord
4280,52,350.57,2019-10-20,Ouest
6162,83,948.81,2018-12-16,Ouest
6618,24,299.65,2020-05-05,Ouest
1028,84,253.53,2017-01-10,Nord
2434,26,587.31,2018-06-28,Est
3903,58,265.46,2023-03-13,Nord
4252,70,478.65,2020-05-21,Sud
7448,90,835.83,2021-06-15,Ouest
9969,46,238.1,2016-09-07,Est
8426,89,432.42,2019-07-31,Est
1612,52,614.38,2019-12-16,Nord
5186,60,550.17,2023-04-17,Est
9809,45,974.98,2023-06-25,Nord
5108,27,683.57,2016-02-28,Est
6736,44,742.55,2020-07-06,Ouest
5263,33,967.29,2015-09-16,Sud
1099,31,420.29,2019-09-11,Nord
8385,15,361.83,2018-05-18,Sud
3354,72,53.42,2016-09-08,Sud
6908,97,192.36,2016-09-01,Sud
2608,62,244.82,2017-10-24,Est
6394,2,191.67,2020-09-05,Ouest
8719,48,757.24,2016-03-13,Ouest
1284,44,540.52,2023-09-19,Sud
1000,91,670.96,2020-07-01,Sud
5803,16,822.26,2021-02-17,Ouest
6851,69,238.47,2018-07-03,Est
3963,75,332.66,2016-01-05,Est
3098,86,711.28,2016-04-23,Nord
5966,40,398.83,2016-09-19,Ouest
3068,95,38.98,2016-03-17,Ouest
7827,87,440.61,2017-12-25,Ouest
6604,1,909.19,2017-04-30,Est
7509,82,414.93,2021-07-03,Est
8874,59,338.93,2019-09-04,Nord
9417,13,989.63,2022-03-14,Ouest
8820,92,647.97,2022-11-14,Nord
2807,44,372.34,2021-10-08,Ouest
4190,55,111.0,2019-06-26,Ouest
2932,48,789.97,2019-08-11,Ouest
4973,23,710.99,2023-07-04,Nord
1266,32,922.7,2023-12-30,Sud
6382,35,225.1,2023-05-03,Est
9806,99,123.78,2020-11-06,Est
3418,43,726.83,2016-08-29,Nord
7834,69,211.36,2016-10-02,Nord
8500,63,184.34,2015-08-05,Est
5765,37,326.61,2016-01-01,Ouest
6641,84,818.66,2020-01-14,Nord
9819,45,544.14,2023-01-15,Ouest
5485,82,55.39,2016-05-31,Est
7772,71,469.26,2020-10-13,Est
9373,7,687.14,2018-12-15,Est
3283,49,542.98,2023-11-30,Ouest
5289,10,576.73,2016-04-13,Nord
7732,29,232.53,2019-12-03,Est
1120,78,849.26,2019-09-22,Ouest
9717,57,565.78,2017-11-12,Ouest
1222,10,716.11,2015-03-25,Sud
4676,86,982.05,2017-04-24,Est
5332,67,433.92,2021-06-23,Nord
4632,10,882.26,2021-01-24,Est
8326,37,17.21,2022-10-19,Sud
8557,29,43.07,2023-06-30,Est
3544,65,594.38,2016-02-09,Sud
7432,75,318.33,2021-10-26,Sud
1062,14,255.79,2016-08-04,Est
7490,3,285.16,2016-04-03,Nord
3023,38,325.22,2015-12-11,Est
9342,72,731.66,2023-12-20,Ouest
9595,88,573.5,2023-02-13,Ouest
3437,95,791.15,2021-04-19,Sud
3852,82,831.89,2021-07-02,Ouest
1127,4,844.51,2016-12-06,Est
2508,99,420.5,2016-06-09,Ouest
3508,81,427.06,2020-06-28,Est
8322,83,927.0,2017-04-15,Ouest
3022,51,665.15,2021-03-19,Nord
4252,62,89.66,2017-10-30,Ouest
1592,83,546.77,2016-07-20,Sud
7557,29,362.45,2017-05-06,Nord
2024,36,987.56,2022-07-06,Nord
4799,54,23.52,2021-12-07,Est
5669,27,616.06,2023-05-27,Est
3371,43,726.39,2019-07-17,Sud
8764,47,296.02,2017-04-03,Sud
1116,70,973.91,2015-07-04,Sud
9933,29,860.94,2021-05-13,Sud
8935,44,916.5,2019-01-31,Nord
1824,84,29.04,2018-11-07,Sud
8096,63,574.17,2016-08-02,Ouest
7704,75,301.7,2015-10-21,Ouest
6265,75,850.54,2019-07-26,Ouest
9121,10,636.52,2023-03-02,Sud
4593,92,543.49,2017-01-04,Ouest
6310,76,123.44,2022-10-20,Est
9934,97,544.82,2018-01-18,Nord
8374,39,635.59,2023-11-16,Sud
9609,32,956.35,2015-01-23,Nord
3276,23,589.2,2019-02-18,Est
2863,92,967.73,2021-06-28,Nord
8486,58,961.99,2016-07-23,Nord
9199,22,653.7,2016-05-09,Sud
7653,98,510.85,2015-09-01,Nord
9982,62,471.36,2023-07-28,Sud
2890,42,891.47,2018-02-18,Est
2616,42,37.97,2021-01-13,Ouest
5591,24,122.67,2017-08-14,Sud
1626,53,111.05,2021-03-25,Est
7103,24,759.37,2022-11-03,Est
6966,73,346.25,2018-08-06,Sud
9990,42,641.59,2023-02-17,Sud
3138,61,607.75,2021-11-11,Nord
7819,48,391.97,2015-08-20,Sud
8239,16,536.25,2019-01-20,Ouest
8021,37,648.69,2019-01-29,Ouest
5517,66,941.54,2017-02-14,Ouest
9629,95,579.88,2018-08-02,Est
7245,43,618.22,2021-01-24,Ouest
8008,1,77.18,2016-03-01,Ouest
2745,84,952.69,2018-08-06,Nord
9292,7,532.8,2019-07-08,Sud
2409,94,803.26,2015-05-01,Nord
1765,68,59.79,2018-06-30,Nord
6277,32,426.7,2019-03-27,Est
5997,30,264.41,2019-05-03,Est
9144,17,274.31,2018-11-11,Est
5326,68,793.54,2017-01-06,Sud
7056,27,627.63,2017-09-11,Est
3710,7,445.35,2015-11-06,Ouest
4102,12,20.48,2018-09-11,Nord
7675,82,965.28,2021-09-17,Est
5756,56,962.4,2018-11-09,Nord
8018,44,225.38,2021-09-15,Est
3634,68,50.93,2016-04-16,Ouest
1123,21,534.9,2023-04-17,Nord
7460,92,951.9,2015-02-28,Sud
2629,93,911.29,2023-05-03,Nord
6672,15,588.82,2018-11-21,Nord
2320,15,310.51,2019-09-05,Ouest
3538,81,336.66,2019-10-31,Sud
3589,64,898.93,2022-12-05,Sud
8774,44,496.87,2021-10-05,Est
8406,28,139.81,2015-04-29,Est
5478,88,255.94,2016-02-13,Sud
8011,21,284.03,2019-09-06,Sud
8335,24,132.31,2015-06-30,Sud
8837,35,468.41,2017-06-09,Est
9700,33,916.89,2022-07-11,Est
4137,66,672.09,2016-01-27,Ouest
2408,23,81.75,2020-03-17,Sud
2111,22,15.44,2017-11-13,Ouest
4877,58,283.49,2022-10-07,Sud
6487,69,369.07,2020-10-18,Ouest
5825,46,778.98,2021-04-30,Nord
2527,40,967.34,2017-03-15,Sud
2321,25,393.69,2023-09-19,Ouest
4952,87,689.82,2019-08-01,Est
4115,18,994.95,2018-05-06,Est
2134,53,748.21,2018-07-29,Ouest
4525,91,639.83,2016-06-29,Sud
5470,9,87.29,2019-02-01,Est
3963,6,329.98,2022-03-09,Ouest
7895,98,914.26,2021-01-18,Ouest
9075,87,209.0,2023-08-22,Sud
9071,83,845.15,2015-09-16,Nord
5378,11,699.36,2019-04-02,Est
9752,63,372.66,2023-10-04,Ouest
3742,30,533.88,2023-08-26,Est
5704,12,547.38,2020-01-28,Ouest
5452,31,716.91,2019-07-09,Sud
7743,72,521.39,2023-06-25,Sud
6630,59,141.75,2015-05-03,Est
3562,95,775.72,2023-03-06,Sud
8434,43,412.21,2016-12-21,Est
4366,86,963.46,2017-07-02,Nord
8078,72,290.68,2015-02-10,Ouest
9804,26,270.45,2016-05-12,Nord
5545,55,340.17,2019-11-01,Est
1571,84,576.59,2016-03-01,Sud
4748,26,895.92,2018-12-17,Est
1901,46,184.52,2023-12-21,Sud
3309,4,286.88,2018-05-07,Est
7182,85,585.86,2016-01-03,Nord
7232,84,459.79,2018-07-28,Ouest
6839,38,452.85,2021-11-15,Ouest
7514,34,822.53,2015-07-17,Nord
8300,61,924.64,2017-10-30,Nord
4096,90,486.49,2015-02-07,Nord
4458,8,690.48,2018-10-14,Est
9019,61,803.05,2020-04-15,Nord
4971,38,523.18,2017-07-10,Ouest
4661,85,301.37,2019-12-14,Sud
2291,99,641.7,2023-08-22,Ouest
9589,17,589.26,2020-04-27,Nord
3532,46,902.55,2018-12-29,Sud
3129,40,61.88,2016-09-25,Ouest
2711,34,911.03,2020-03-19,Ouest
6802,98,539.09,2020-01-09,Ouest
9058,66,25.52,2021-10-09,Nord
3489,74,351.26,2019-11-05,Sud
2169,88,727.09,2023-05-06,Nord
5057,69,493.55,2020-09-05,Est
7613,25,980.36,2016-09-22,Nord
1183,7,428.38,2017-03-21,Nord
5207,98,333.37,2020-10-11,Est
6346,61,823.46,2019-12-09,Nord
3827,89,552.43,2023-04-04,Est
7241,62,685.5,2023-04-24,Sud
3286,60,807.65,2018-03-30,Ouest
6131,75,674.71,2016-09-29,Sud
8137,30,428.18,2022-10-17,Est
6217,29,133.55,2020-02-22,Est
6471,25,584.45,2018-08-02,Est
3349,4,898.46,2020-09-11,Est
3822,83,424.7,2021-11-03,Est
3598,22,911.62,2016-02-11,Nord
5147,7,508.49,2018-04-14,Nord
9087,85,624.63,2020-09-19,Est
5867,22,834.66,2021-04-06,Nord
2882,28,568.95,2016-02-13,Est
8802,27,100.06,2021-08-19,Sud
6533,90,981.17,2017-10-08,Ouest
1645,65,253.39,2019-08-06,Est
6497,4,713.4,2016-05-29,Est
5039,54,510.06,2018-05-04,Sud
7927,38,483.98,2022-02-06,Est
7990,8,251.5,2022-10-29,Sud
7324,81,724.93,2018-08-09,Sud
6479,76,121.66,2015-05-09,Sud
7407,12,990.55,2017-07-09,Est
1761,3,846.92,2017-12-10,Sud
4997,55,539.16,2021-05-31,Ouest
5791,6,430.31,2015-09-26,Sud
1625,18,293.6,2016-09-29,Est
9587,79,506.58,2018-07-19,Sud
6837,6,880.62,2015-01-27,Est
4383,79,282.26,2020-04-27,Ouest
3555,82,505.53,2019-09-17,Est
5600,31,242.2,2023-04-26,Est
6305,99,343.78,2019-12-14,Ouest
7758,4,198.36,2021-07-14,Ouest
8762,1,990.63,2017-07-30,Est
4308,94,575.78,2015-09-04,Nord
1165,45,735.49,2021-09-01,Sud
2415,45,107.27,2022-12-28,Ouest
2821,62,372.46,2015-03-13,Est
1523,1,893.71,2020-10-06,Sud
8228,18,93.59,2019-08-12,Sud
9295,30,173.83,2021-08-13,Nord
1699,92,629.16,2019-02-05,Ouest
7273,35,626.56,2022-11-22,Ouest
1448,60,839.84,2020-10-09,Nord
9146,22,936.14,2016-06-06,Nord
4467,64,150.57,2016-07-17,Sud
7517,95,266.78,2018-07-04,Sud
4087,18,433.19,2020-10-19,Est
1131,39,10.89,2022-09-30,Sud
1213,80,79.12,2022-08-22,Nord
4356,2,234.23,2017-11-15,Sud
2614,16,486.29,2018-01-20,Nord
3927,87,259.01,2021-06-09,Nord
5940,18,877.92,2021-07-01,Nord
2291,54,331.03,2020-08-07,Nord
2383,23,925.38,2019-06-30,Nord
5845,78,975.04,2020-09-02,Nord
6538,48,455.36,2021-10-22,Nord
4070,67,234.86,2019-01-25,Sud
1656,12,298.75,2019-12-19,Ouest
3593,10,778.57,2019-03-30,Sud
4105,41,280.62,2023-08-05,Est
8340,55,386.78,2022-06-22,Ouest
2510,52,483.79,2022-05-13,Ouest
2130,48,579.36,2020-10-07,Est
1595,5,996.14,2022-02-25,Est
5850,11,239.89,2020-04-02,Nord
2440,7,359.89,2020-08-06,Sud
6015,45,270.26,2022-01-18,Ouest
1324,73,367.5,2023-10-13,Sud
6535,9,109.8,2017-03-27,Sud
9854,73,366.21,2015-03-15,Est
8232,19,888.99,2023-09-16,Nord
8909,3,305.6,2022-02-22,Sud
1079,70,378.22,2022-01-08,Est
9275,94,945.03,2020-08-26,Ouest
7927,30,731.1,2023-10-22,Ouest
6130,28,521.57,2022-11-19,Ouest
6620,18,779.42,2019-01-15,Ouest
2731,59,131.95,2022-12-30,Est
2360,12,469.85,2023-11-29,Sud
6440,50,127.05,2022-02-05,Sud
1363,73,241.28,2019-09-18,Sud
5562,89,150.45,2018-09-12,Sud
3386,4,368.18,2017-09-08,Sud
9889,12,387.82,2016-10-30,Ouest
4478,58,947.84,2017-03-01,Est
8951,51,271.48,2020-03-28,Sud
4399,16,477.7,2021-02-03,Est
5409,58,813.27,2017-02-11,Est
3874,4,817.46,2020-06-09,Sud
3317,61,752.84,2018-05-26,Ouest
7034,40,294.96,2019-10-25,Sud
1078,86,500.02,2021-07-07,Est
9142,30,194.35,2022-07-25,Ouest
6908,54,196.52,2018-05-03,Ouest
6703,68,441.48,2018-09-17,Sud
8413,57,741.21,2022-03-21,Est
4163,76,531.32,2019-08-01,Sud
7188,80,887.82,2022-09-11,Nord
8951,46,832.6,2020-09-14,Sud
2623,91,41.29,2016-10-08,Ouest
7091,80,572.73,2016-05-25,Sud
2613,98,613.07,2019-04-17,Nord
9702,12,961.96,2018-07-31,Nord
8581,6,33.0,2015-01-11,Sud
6727,31,535.79,2016-11-19,Sud
8812,59,212.73,2017-08-26,Nord
6041,69,63.13,2019-06-26,Est
3391,60,591.61,2015-12-02,Nord
8888,33,774.88,2019-04-12,Sud
8209,38,777.12,2017-04-17,Nord
2776,44,39.99,2021-03-08,Ouest
8087,61,412.88,2017-11-22,Ouest
3321,46,54.06,2017-11-27,Nord
2344,30,255.36,2020-10-26,Sud
1236,28,200.95,2022-11-22,Nord
3127,28,223.03,2021-04-06,Est
7218,30,345.73,2021-01-25,Nord
2186,73,284.64,2018-06-11,Nord
7822,76,962.66,2020-12-16,Nord
4062,98,358.88,2015-06-16,Nord
6781,79,895.23,2015-11-17,Est
8970,39,189.23,2017-06-24,Ouest
9565,12,766.11,2020-05-23,Sud
3474,75,70.73,2019-03-20,Sud
1611,90,468.13,2018-03-03,Ouest
7905,33,15.46,2022-12-07,Sud
4995,51,812.19,2018-07-22,Ouest
3352,41,950.98,2022-11-01,Sud
6503,71,44.76,2016-12-16,Ouest
2674,31,934.51,2016-07-30,Sud
7915,23,776.12,2018-08-11,Sud
8781,76,365.27,2015-04-19,Sud
6726,36,909.79,2018-04-08,Ouest
2659,85,303.29,2019-04-03,Est
8326,69,415.2,2019-09-05,Nord
6323,64,105.74,2022-05-30,Nord
4549,5,660.37,2016-01-26,Sud
8484,50,39.3,2017-04-02,Ouest
7835,30,490.06,2022-07-11,Ouest
7388,64,686.36,2021-10-07,Sud
1243,62,823.03,2016-01-20,Nord
3581,92,158.44,2018-08-10,Nord
4215,84,756.55,2015-05-16,Nord
3800,91,721.89,2019-03-16,Est
7410,27,563.97,2022-05-16,Sud
2681,74,588.8,2019-10-01,Sud
4047,51,100.36,2019-04-24,Sud
1797,96,604.47,2017-06-11,Est
8363,95,387.71,2017-03-19,Nord
5560,18,868.91,2020-02-06,Ouest
3274,72,319.97,2023-04-13,Ouest
9637,57,580.83,2019-08-26,Ouest
2655,36,432.31,2017-04-28,Sud
3422,74,877.5,2019-10-27,Nord
2781,93,261.38,2017-10-13,Sud
7437,48,88.01,2018-12-07,Nord
2307,49,751.17,2017-09-23,Est
6718,72,418.77,2023-02-24,Sud
2631,68,593.21,2020-07-25,Sud
4384,72,36.13,2015-09-22,Nord
7941,63,952.59,2020-09-29,Sud
3015,73,878.84,2018-12-03,Ouest
6538,38,627.63,2016-02-05,Est
9378,6,26.86,2023-08-24,Nord
7015,98,384.2,2015-09-24,Ouest
4966,56,979.01,2015-06-10,Sud
5049,93,684.52,2021-09-06,Nord
6596,47,169.38,2018-04-26,Ouest
8824,39,465.99,2021-12-08,Nord
6691,50,967.07,2021-11-07,Ouest
2004,9,539.36,2019-02-07,Ouest
6127,66,34.37,2020-11-24,Ouest
4796,67,623.57,2019-10-22,Sud
5843,63,278.5,2017-12-05,Nord
4293,17,107.86,2017-09-12,Nord
2064,62,408.88,2019-08-12,Nord
9404,67,562.94,2016-04-13,Ouest
5199,12,26.87,2022-07-28,Est
9772,32,563.46,2021-01-19,Est
9686,11,516.09,2019-05-04,Est
8116,21,795.97,2020-06-21,Sud
5080,15,429.31,2019-04-10,Ouest
3596,53,557.92,2016-12-06,Nord
1165,72,744.59,2016-09-07,Sud
9926,30,898.17,2022-10-30,Sud
1373,6,386.23,2021-03-03,Est
8459,15,605.62,2015-08-17,Est
7064,80,697.66,2019-02-14,Nord
6681,52,52.84,2018-05-13,Sud
4257,33,802.75,2019-04-02,Sud
5361,24,383.66,2017-12-17,Ouest
7194,92,673.54,2023-04-30,Ouest
9177,7,476.95,2018-11-04,Nord
3547,74,705.32,2023-06-08,Est
6156,66,727.09,2023-07-03,Est
8454,76,199.66,2021-06-16,Est
6746,88,665.55,2018-09-06,Est
8315,71,852.81,2021-09-30,Nord
1035,41,243.21,2021-12-02,Nord
5878,61,760.6,2016-05-05,Nord
7173,37,637.49,2021-01-12,Ouest
1060,13,955.57,2019-10-11,Nord
8505,36,267.64,2015-03-29,Nord
7979,63,162.73,2017-08-25,Ouest
2057,70,319.0,2015-02-15,Ouest
5531,63,265.38,2019-08-12,Est
4958,59,759.26,2019-09-25,Est
2435,77,735.78,2016-10-09,Ouest
4300,19,672.99,2016-04-18,Sud
9248,1,224.22,2017-03-03,Est
7421,2,863.19,2015-07-13,Ouest
4818,85,957.01,2016-09-03,Sud
8498,78,536.29,2018-09-04,Est
3589,91,652.88,2020-11-12,Est
1957,22,505.69,2021-10-02,Nord
6912,79,290.72,2021-03-18,Ouest
5210,14,293.29,2021-03-24,Est
7592,68,320.29,2021-07-19,Sud
4940,18,198.94,2017-07-02,Nord
1769,6,902.9,2018-09-11,Nord
5354,27,859.81,2022-09-20,Est
2858,64,467.02,2015-12-12,Ouest
4834,28,373.58,2021-01-06,Nord
6580,42,939.69,2016-11-30,Sud
4742,14,230.15,2016-10-08,Sud
2575,46,558.01,2019-09-22,Sud
6709,49,63.95,2016-12-24,Sud
3993,57,199.29,2023-06-22,Ouest
2306,59,607.99,2019-04-09,Nord
2164,18,665.56,2018-01-14,Sud
4313,87,585.19,2018-01-05,Sud
1960,96,870.91,2022-06-03,Ouest
4492,90,993.47,2017-12-20,Sud
4946,93,766.22,2017-06-25,Est
7432,78,470.44,2022-07-29,Ouest
8452,8,835.6,2023-05-11,Est
3780,27,129.18,2021-02-11,Ouest
2229,18,686.44,2023-07-11,Nord
7703,69,523.15,2019-05-25,Ouest
5745,44,186.29,2019-08-31,Sud
4599,48,973.2,2017-06-02,Nord
7930,95,345.05,2019-01-22,Est
2181,93,619.27,2021-10-29,Est
4004,73,879.81,2021-07-22,Nord
3514,59,511.62,2016-02-15,Ouest
7786,28,123.99,2023-11-21,Est
3083,7,820.55,2016-09-20,Sud
